{
  "timestamp": "2025-03-12T10:43:32.798408",
  "model": {
    "name": "pinn_peak_detector",
    "num_parameters": 1544994
  },
  "hyperparameters": {
    "num_epochs": 88888,
    "batch_size": 256,
    "learning_rate": {
      "start": 1e-05,
      "end": 1e-06,
      "epochs_to_min": 44444
    }
  },
  "training": {
    "final_loss": 0.0013540798099711537
  },
  "evaluation_metrics": {
    "eval_loss": 0.0008072987548075616,
    "position_errors": {
      "peak1_error": 0.03716917335987091,
      "midpoint_error": 0.02497459389269352,
      "peak2_error": 0.042973652482032776
    },
    "magnitude_errors": {
      "peak1_magnitude_error": 0.9713174104690552,
      "midpoint_magnitude_error": 0.1458217352628708,
      "peak2_magnitude_error": 0.7618012428283691
    }
  }
}