{
  "timestamp": "2025-03-12T09:21:20.329906",
  "model": {
    "name": "attention_dilated_conv1d",
    "num_parameters": 412235
  },
  "hyperparameters": {
    "num_epochs": 88888,
    "batch_size": 256,
    "learning_rate": {
      "start": 1e-05,
      "end": 1e-06,
      "epochs_to_min": 44444
    }
  },
  "training": {
    "final_loss": 0.0048966617323458195
  },
  "evaluation_metrics": {
    "eval_loss": 0.0028700416442006826,
    "position_errors": {
      "peak1_error": 0.026625510305166245,
      "midpoint_error": 0.026194468140602112,
      "peak2_error": 0.04861249402165413
    },
    "magnitude_errors": {
      "peak1_magnitude_error": 0.8457896113395691,
      "midpoint_magnitude_error": 0.11600834876298904,
      "peak2_magnitude_error": 0.7390175461769104
    }
  }
}