{
  "timestamp": "2025-03-11T14:46:59.945065",
  "model": {
    "name": "attention_dilated_conv1d",
    "num_parameters": 412235
  },
  "hyperparameters": {
    "num_epochs": 100000,
    "batch_size": 256,
    "learning_rate": {
      "start": 0.0001,
      "end": 1e-06,
      "epochs_to_min": 100000
    }
  },
  "training": {
    "final_loss": 0.11860062927007675
  },
  "evaluation_metrics": {
    "eval_loss": 0.2120024561882019,
    "position_errors": {
      "peak1_error": 0.09474815428256989,
      "midpoint_error": 0.03759010136127472,
      "peak2_error": 0.09023531526327133
    },
    "magnitude_errors": {
      "peak1_magnitude_error": 0.9927693009376526,
      "midpoint_magnitude_error": 0.15026387572288513,
      "peak2_magnitude_error": 0.7655909657478333
    }
  }
}